English sense,ZWN Written form,Function,Zulu RG VP,Inherent polarity
abject,nyanyekayo,abject_1_A,UseV enyanyek_V,Pos
able,nekhono,able_1_A,CopNPAssoc (DetCN (DetNum NumSg) (UseN khono_5_6_N)),Pos
aboriginal,emvelo,aboriginal_1_A,CopNPAssoc (DetCN (DetNum NumSg) (UseN velo_9_10_N)),Pos
aboriginal,okuqala,aboriginal_2_A,UseV qal_V,Pos
aboriginal,amandulo,aboriginal_3_A,CopNPAssoc (DetCN (DetNum NumPl) (UseN ndulo_5_6_N)),Pos
abrupt,qubulisa,abrupt_1_A,UseV qubulis_V,Pos
absolute,phelele,absolute_1_A,UseVStative phelel_V,Pos
absolved,khululwe,absolved_1_A,UseVStative khululw_V,Pos
abstract,ngenakubambeka,abstract_1_A,CopNPAssoc (Deverb15 PPos (UseV bambek_V)),Neg
abstruse,endele,abstruse_1_A,UseVStative endel_V,Pos
abundant,ningi,abundant_1_A,CopAP (PositA ningi_A),Pos
acceptable,emukelekayo,acceptable_1_A,UseV mukelek_V,Pos
accessible,ngenekayo,accessible_1_A,UseV ngenek_V,Pos
accessible,finyelelekayo,accessible_2_A,UseV finyelelek_V,Pos
accidental,zenzekelayo,accidental_1_A,UseV enzekel_V,Pos
accurate,nembayo,accurate_1_A,UseV nemb_V,Pos
accusative,mangalela,accusative_1_A,UseV mangalel_V,Pos
achromatic,mhlophe,achromatic_1_A,CopAP (PositA mhlophe_R),Pos
acquitted,khululwe,acquitted_1_A,UseVStative khululw_V,Pos
acrimonious,nolaka,acrimonious_1_A,CopNPAssoc (DetCN (DetNum NumSg) (UseN laka_11_N)),Pos
acrimonious,nenzondo,acrimonious_2_A,CopNPAssoc (DetCN (DetNum NumSg) (UseN zondo_9_10_N)),Pos
active,dlangayo,active_1_A,UseV dlang_V,Pos
acute,bi,acute_1_A,CopAP (PositA bi_A),Pos
adequate,lungele,adequate_1_A,UseVStative lungel_V,Pos
admirable,bukekayo,admirable_1_A,UseV bukek_V,Pos
advance,phambili,advance_1_A,CopLocative (LocAdvLoc (LocNAdv phambili_LocN)),Pos
advised,cebisayo,advised_1_A,UseV cebis_V,Pos
aerial,semoyeni,aerial_1_A,CopLocative (LocAdvLoc (LocNPAdv (DetCN (DetNum NumSg) (UseN moya_3_4_N)))),Pos
aflutter,phakuzela,aflutter_1_A,UseV phakuzel_V,Pos
aggressive,hlaselayo,aggressive_1_A,UseV hlasel_V,Pos
aggressive,lwayo,aggressive_2_A,UseV lw_V,Pos
agile,sheshayo,agile_1_A,UseV shesh_V,Pos
agile,thambile,agile_2_A,UseVStative thamb_V,Pos
alert,qwashile,alert_1_A,UseVStative qwash_V,Pos
alike,fanayo,alike_1_A,UseV fan_V,Pos
alive,phaphamile,alive_1_A,UseVStative phapham_V,Pos
alive,philayo,alive_2_A,UseV phil_V,Pos
all important,balulekileyo,all_important_1_A,UseVStative balulek_V,Pos
allotted,abelwe,allotted_1_A,UseVStative belw_V,Pos
alone,dwa,alone_1_A,UseV endw_V,Pos
alone,ngenakulinganiswa,alone_2_A,CopNPAssoc (Deverb15 PPos (UseV linganisw_V)),Neg
alone,ngenakufaniswa,alone_3_A,CopNPAssoc (Deverb15 PPos (UseV fanisw_V)),Neg
alpha,okuqala,alpha_1_A,UseV qal_V,Pos
amazing,mangalisayo,amazing_1_A,UseV mangalis_V,Pos
ambidextrous,qhathayo,ambidextrous_1_A,UseV qhath_V,Pos
ambidextrous,khohlisayo,ambidextrous_2_A,UseV khohlis_V,Pos
ambitious,nebhongo,ambitious_1_A,CopNPAssoc (DetCN (DetNum NumSg) (UseN bhongo_5_6_N)),Pos
amenable,thobekile,amenable_1_A,UseVStative thobek_V,Pos
ample,khulu,ample_1_A,CopAP (PositA khulu_A),Pos
amusing,hlekisayo,amusing_1_A,UseV hlekis_V,Pos
amusing,jabulisayo,amusing_2_A,UseV jabulis_V,Pos
analgesic,dambisa,analgesic_1_A,UseV dambis_V,Pos
analogical,fanisa,analogical_1_A,UseV fanis_V,Pos
analogous,fanayo,analogous_1_A,UseV fan_V,Pos
ancestral,elifa,ancestral_1_A,UseV f_V,Pos
ancestral,ezinyanya,ancestral_2_A,UseV nyany_V,Pos
ancestral,okhokho,ancestral_3_A,CopNPAssoc (DetCN (DetNum NumSg) (UseN khokho_1a_2a_N)),Pos
angry,thukuthele,angry_1_A,UseVStative thukuthel_V,Pos
announced,azisayo,announced_1_A,UseV zis_V,Pos
anticipated,lindelwe,anticipated_1_A,UseVStative lindelw_V,Pos
appealing,vusa uzwelo,appealing_1_A,ComplV2 vus_V2 (DetCN (DetNum NumSg) (UseN zwelo_11_N)),Pos
appealing,bongozayo,appealing_2_A,UseV bongoz_V,Pos
appeasing,xolisayo,appeasing_1_A,UseV xolis_V,Pos
appellative,thiya igama,appellative_1_A,ComplV2 thiy_V2 (DetCN (DetNum NumSg) (UseN gama_5_6_N)),Pos
appreciated,qondwa,appreciated_1_A,UseV qondw_V,Pos
appropriate,fanele,appropriate_1_A,UseVStative fanel_V,Pos
apt,phaphamile,apt_1_A,UseVStative phapham_V,Pos
archaic,amandulo,archaic_1_A,CopNPAssoc (DetCN (DetNum NumPl) (UseN ndulo_5_6_N)),Pos
arduous,bulalayo,arduous_1_A,UseV bulal_V,Pos
aroused,vusayo,aroused_1_A,UseV vus_V,Pos
arrant,bhedayo,arrant_1_A,UseV bhed_V,Pos
arriving,ngenayo,arriving_1_A,CopNPAssoc (UsePron they4_Pron),Neg
arrogant,qholoshayo,arrogant_1_A,UseV qholosh_V,Pos
articulate,cacile,articulate_1_A,UseVStative cac_V,Pos
ashamed,namahloni,ashamed_1_A,CopNPAssoc (DetCN (DetNum NumPl) (UseN hloni_6_N)),Pos
asleep,leleyo,asleep_1_A,UseVStative lal_V,Pos
assertive,phikelelayo,assertive_1_A,UseV phikelel_V,Pos
assigned,abelwe,assigned_1_A,UseVStative belw_V,Pos
at_leisure,ngaphangeli,at_leisure_1_A,UseV phangel_V,Neg
athirst,lambele,athirst_1_A,UseVStative lambel_V,Pos
athletic,omeleleyo,athletic_1_A,UseVStative omelel_V,Pos
atrocious,nonya,atrocious_1_A,CopNPAssoc (DetCN (DetNum NumSg) (UseN nya_11_N)),Pos
attending,khonzayo,attending_1_A,UseV khonz_V,Pos
attenuate,phungulwe,attenuate_1_A,UseVStative phungulw_V,Pos
augmented,andisa,augmented_1_A,UseV andis_V,Pos
auspicious,thokozisayo,auspicious_1_A,UseV thokozis_V,Pos
automatic,zenzekelayo,automatic_1_A,UseV enzekel_V,Pos
auxiliary,sizayo,auxiliary_1_A,UseV siz_V,Pos
auxiliary,gcwaliselayo,auxiliary_2_A,UseV gcwalisel_V,Pos
available,tholakalayo,available_1_A,UseV tholakal_V,Pos
avid,bawela,avid_1_A,UseV bawel_V,Pos
awake,vukile,awake_1_A,UseVStative vuk_V,Pos
aware,qonda,aware_1_A,UseV qond_V,Pos
awful,sabekayo,awful_1_A,UseV sabek_V,Pos
awkward,ngazinzile,awkward_1_A,UseVStative zinz_V,Neg
bad,onakele,bad_1_A,UseVStative nakal_V,Pos
bad,ngenasimilo,bad_2_A,CopNPAssoc (DetCN (DetNum NumSg) (UseN milo_7_8_N)),Neg
bad,bi,bad_3_A,CopAP (PositA bi_A),Pos
baffling,xakile,baffling_1_A,UseVStative xak_V,Pos
baffling,didekile,baffling_2_A,UseVStative didek_V,Pos
baffling,namaqhina,baffling_3_A,CopNPAssoc (DetCN (DetNum NumPl) (UseN qhina_5_6_N)),Pos
baking,tshisayo,baking_1_A,UseV etshis_V,Pos
balanced,lingene,balanced_1_A,UseVStative lingan_V,Pos
bald,nempandla,bald_1_A,CopNPAssoc (DetCN (DetNum NumSg) (UseN phandla_9_10_N)),Pos
banal,ngenasithunzi,banal_1_A,CopNPAssoc (DetCN (DetNum NumSg) (UseN thunzi_7_8_N)),Neg
banned,valwa umlomo,banned_1_A,ComplV2 valw_V2 (DetCN (DetNum NumSg) (UseN lomo_3_4_N)),Pos
barbarous,nonya,barbarous_1_A,CopNPAssoc (DetCN (DetNum NumSg) (UseN nya_11_N)),Pos
barbarous,nobuqaba,barbarous_2_A,CopNPAssoc (DetCN (DetNum NumSg) (UseN qaba_14_N)),Pos
baronial,nesithinzi,baronial_1_A,CopNPAssoc (DetCN (DetNum NumSg) (UseN thinzi_7_8_N)),Pos
basal,esiseko,basal_1_A,CopNPAssoc (DetCN (DetNum NumSg) (UseN seko_7_8_N)),Pos
bass,ebhasi,bass_1_A,CopNPAssoc (DetCN (DetNum NumSg) (UseN bhasi_5_6_N)),Pos
battered,khandiwe,battered_1_A,UseVStative khandiw_V,Pos
bedraggled,dilikayo,bedraggled_1_A,UseV dilik_V,Pos
bedraggled,ngcoliswe ngodaka,bedraggled_2_A,AdvVP (UseVStative ngcolisw_V) (InstrNPAdv (DetCN (DetNum NumSg) (UseN daka_11_10_N))),Pos
bedraggled,aphukile,bedraggled_3_A,UseVStative phuk_V,Pos
beguiled,thabathekisayo,beguiled_1_A,UseV thabathekis_V,Pos
believable,nokukholwa,believable_1_A,CopNPAssoc (Deverb15 PPos (UseV kholw_V)),Pos
bended,gobile,bended_1_A,UseVStative gob_V,Pos
beneficial,sizayo,beneficial_1_A,UseV siz_V,Pos
benighted,ngazi nto,benighted_1_A,ComplV2Nonspec az_V2 (DetCN (DetNum NumSg) (UseN tho_9_10_N)),Neg
benighted,hlwelwe,benighted_2_A,UseVStative hlwelw_V,Pos
benign,nobubele,benign_1_A,CopNPAssoc (DetCN (DetNum NumSg) (UseN bele_14_N)),Pos
benumbed,qobekile,benumbed_1_A,UseVStative nqobek_V,Pos
benumbed,diniwe,benumbed_2_A,UseVStative diniw_V,Pos
betting,dlalayo,betting_1_A,UseV ndlal_V,Pos
big,balulekileyo,big_1_A,UseVStative balulek_V,Pos
biological,zalayo,biological_1_A,UseV zal_V,Pos
black,ngenabisi,black_1_A,CopNPAssoc (DetCN (DetNum NumSg) (UseN bisi_11_N)),Neg
blackguardly,nobumenemene,blackguardly_1_A,CopNPAssoc (DetCN (DetNum NumSg) (UseN menemene_14_N)),Pos
blamable,nokusolwa,blamable_1_A,CopNPAssoc (Deverb15 PPos (UseV solw_V)),Pos
blamable,nokusoleka,blamable_2_A,CopNPAssoc (Deverb15 PPos (UseV solek_V)),Pos
blameless,ngenasiphako,blameless_1_A,CopNPAssoc (DetCN (DetNum NumSg) (UseN phako_7_8_N)),Neg
bland,ngenakunambitheka,bland_1_A,CopNPAssoc (Deverb15 PPos (UseV nambithek_V)),Neg
blank,engenambumbulu,blank_1_A,CopNPAssoc (DetCN (DetNum NumSg) (UseN bhumbulu_9_N)),Neg
bleak,banda,bleak_1_A,UseV band_V,Pos
bleary,nenkungu,bleary_1_A,CopNPAssoc (DetCN (DetNum NumSg) (UseN nkungu_9_10_N)),Pos
blemished,nesici,blemished_1_A,CopNPAssoc (DetCN (DetNum NumSg) (UseN ci_7_8_N)),Pos
blending,dibana,blending_1_A,UseV diban_V,Pos
blending,xuba,blending_2_A,UseV xub_V,Pos
blessed,sikelelekile,blessed_1_A,UseVStative kelelek_V,Pos
blessed,sikelelwe,blessed_2_A,UseVStative kelelw_V,Pos
blind,ngaboni,blind_1_A,UseV bon_V,Neg
blistering,thukayo,blistering_1_A,UseV thuk_V,Pos
bloody,negazi,bloody_1_A,CopNPAssoc (DetCN (DetNum NumSg) (UseN gazi_5_6_N)),Pos
blue,dangele,blue_1_A,UseVStative dangal_V,Pos
blunt,ngesabi,blunt_1_A,UseV esab_V,Neg
bold,nesibindi,bold_1_A,CopNPAssoc (DetCN (DetNum NumSg) (UseN bindi_7_8_N)),Pos
boring,nesidina,boring_1_A,CopNPAssoc (DetCN (DetNum NumSg) (UseN dina_7_8_N)),Pos
born,endalo,born_1_A,CopNPAssoc (DetCN (DetNum NumSg) (UseN dalo_9_N)),Pos
bouncy,omeleleyo,bouncy_1_A,UseVStative omelel_V,Pos
bouncy,phila,bouncy_2_A,UseV phil_V,Pos
bouncy,philayo,bouncy_3_A,UseV phil_V,Pos
bound,valelwe,bound_1_A,UseVStative valelw_V,Pos
bracing,hlaziyayo,bracing_1_A,UseV hlaziy_V,Pos
brainy,nengqondo,brainy_1_A,CopNPAssoc (DetCN (DetNum NumSg) (UseN qondo_9_10_N)),Pos
brave,nesibindi,brave_1_A,CopNPAssoc (DetCN (DetNum NumSg) (UseN bindi_7_8_N)),Pos
breathless,khefuza,breathless_1_A,UseV khefuz_V,Pos
brickle,viveka,brickle_1_A,UseV vivek_V,Pos
bright,hlakaniphile,bright_1_A,UseVStative hlakaniph_V,Pos
brisk,qupha,brisk_1_A,UseV quph_V,Pos
brisk,khawuleza,brisk_2_A,UseV khawulez_V,Pos
broad,cacile,broad_1_A,UseVStative cac_V,Pos
broad,vulekile,broad_2_A,UseVStative vulek_V,Pos
brutal,nenkohlakalo,brutal_1_A,CopNPAssoc (DetCN (DetNum NumSg) (UseN khohlakalo_9_10_N)),Pos
built in,esimo,built_in_1_A,CopNPAssoc (DetCN (DetNum NumSg) (UseN mo_7_8_N)),Pos
burdened,layishwe kakhulu,burdened_1_A,AdvVP (UseVStative layishw_V) kakhulu_Adv,Pos
burning,tshisayo,burning_1_A,UseV etshis_V,Pos
capable,nekhono,capable_1_A,CopNPAssoc (DetCN (DetNum NumSg) (UseN khono_5_6_N)),Pos
capped,thweswe,capped_1_A,UseVStative thwesw_V,Pos
captious,nochuku,captious_1_A,CopNPAssoc (DetCN (DetNum NumSg) (UseN chuku_11_N)),Pos
cardinal,balulekileyo,cardinal_1_A,UseVStative balulek_V,Pos
careless,ngakhathaleli,careless_1_A,UseV khathalel_V,Neg
cashable,nokuthengiswa,cashable_1_A,CopNPAssoc (Deverb15 PPos (UseV thengisw_V)),Pos
catchy,namaqhinga,catchy_1_A,CopNPAssoc (DetCN (DetNum NumPl) (UseN qhinga_5_6_N)),Pos
cathartic,khululayo,cathartic_1_A,UseV khulul_V,Pos
caucasian,mhlophe,caucasian_1_A,CopAP (PositA mhlophe_R),Pos
causeless,ngaphandle kwesizathu,causeless_1_A,CopLocative (LocAdvLoc (LocAdvNP (LocNNgaAdv phandle_LocN) (DetCN (DetNum NumSg) (UseN zathu_7_8_N)))),Pos
cautious,cophelelayo,cautious_1_A,UseV cophelel_V,Pos
ceaseless,ngenamphelo,ceaseless_1_A,CopNPAssoc (DetCN (DetNum NumSg) (UseN phelo_3_N)),Neg
celebrated,dumile,celebrated_1_A,UseVStative dum_V,Pos
central,phakathi,central_1_A,CopLocative (LocAdvLoc (LocNAdv phakathi_LocN)),Pos
certain,qinisekile,certain_1_A,UseVStative qinisek_V,Pos
characteristic,okuyizimpawu,characteristic_1_A,CopNP (DetCN (DetNum NumPl) (UseN phawu_11_10_N)),Pos
charged,zele,charged_1_A,UseVStative enzel_V,Pos
charismatic,thandekayo,charismatic_1_A,UseV thandek_V,Pos
charitable,nobubele,charitable_1_A,CopNPAssoc (DetCN (DetNum NumSg) (UseN bele_14_N)),Pos
charitable,nesisa,charitable_2_A,CopNPAssoc (DetCN (DetNum NumSg) (UseN sa_7_N)),Pos
charitable,esisa,charitable_3_A,UseV sis_V,Pos
chatty,qekethayo,chatty_1_A,UseV qeketh_V,Pos
cheap,shibhile,cheap_1_A,UseVStative shibh_V,Pos
chief,phambili,chief_1_A,CopLocative (LocAdvLoc (LocNAdv phambili_LocN)),Pos
childish,nobungane,childish_1_A,CopNPAssoc (DetCN (DetNum NumSg) (UseN ngane_14_N)),Pos
chivalric,nobuqhawe,chivalric_1_A,CopNPAssoc (DetCN (DetNum NumSg) (UseN qhawe_14_N)),Pos
chronic,hlala isikhathi eside,chronic_1_A,ComplV2 hlal_V2 (RelNP (DetCN (DetNum NumSg) (UseN khathi_7_8_N)) (UseRCl TPresTemp PPos (RelVP IdRP (CopAP (PositA de_A))))),Pos
clamant,lilayo,clamant_1_A,UseV lil_V,Pos
clear,balele,clear_1_A,UseVStative balel_V,Pos
clear,vulekile,clear_2_A,UseVStative vulek_V,Pos
cleared,gawulwe,cleared_1_A,UseVStative gawulw_V,Pos
clenched,qinisiwe,clenched_1_A,UseVStative qinisiw_V,Pos
close,sondele,close_1_A,UseVStative sondel_V,Pos
cloudy,namafu,cloudy_1_A,CopNPAssoc (DetCN (DetNum NumPl) (UseN fu_5_6_N)),Pos
cloudy,nenkungu,cloudy_2_A,CopNPAssoc (DetCN (DetNum NumSg) (UseN nkungu_9_10_N)),Pos
cobwebby,lula,cobwebby_1_A,UseV elul_V,Pos
cogent,oyisayo,cogent_1_A,UseV yis_V,Pos
color blind,ngaboni imibala,color_blind_1_A,ComplV2 bon_V2 (DetCN (DetNum NumPl) (UseN bala_3_4_N)),Neg
combined,hlanganyelwe,combined_1_A,UseVStative hlanganyelw_V,Pos
commanding,lawulayo,commanding_1_A,UseV lawul_V,Pos
common,vamile,common_1_A,UseVStative vam_V,Pos
compare,gqobhokile,compare_1_A,UseVStative gqobhok_V,Pos
compatible,sebenzisanayo,compatible_1_A,UseV sebenzisan_V,Pos
competent,nekhono,competent_1_A,CopNPAssoc (DetCN (DetNum NumSg) (UseN khono_5_6_N)),Pos
competitive,ncintisanayo,competitive_1_A,UseV ncintisan_V,Pos
complete,gcwele,complete_1_A,UseVStative gcwal_V,Pos
complex,xakile,complex_1_A,UseVStative xak_V,Pos
compliant,lulamile,compliant_1_A,UseVStative lulam_V,Pos
compliant,thobile,compliant_2_A,UseVStative thob_V,Pos
complimentary,ncomayo,complimentary_1_A,UseV ncom_V,Pos
composed,enziwe,composed_1_A,UseVStative enziw_V,Pos
comprehensive,phelele,comprehensive_1_A,UseVStative phelel_V,Pos
comprehensive,gcwele,comprehensive_2_A,UseVStative gcwal_V,Pos
conceited,ziqhenyayo,conceited_1_A,UseV qheny_V,Pos
conciliative,xolisayo,conciliative_1_A,UseV xolis_V,Pos
concrete,bambekayo,concrete_1_A,UseV bambek_V,Pos
condign,fanelekile,condign_1_A,UseVStative fanelek_V,Pos
confined,thintelwe,confined_1_A,UseVStative thintelw_V,Pos
congenital,emvelo,congenital_1_A,CopNPAssoc (DetCN (DetNum NumSg) (UseN velo_9_10_N)),Pos
conjectural,engcingane,conjectural_1_A,CopNPAssoc (DetCN (DetNum NumSg) (UseN ngcingane_9_10_N)),Pos
conscious,bonayo,conscious_1_A,UseV bon_V,Pos
conscious,sezingqondweni,conscious_2_A,CopLocative (LocAdvLoc (LocNPAdv (DetCN (DetNum NumPl) (UseN qondo_9_10_N)))),Pos
consentaneous,vumelanayo,consentaneous_1_A,UseV vumelan_V,Pos
consequential,landelayo,consequential_1_A,UseV landel_V,Pos
consequential,balulekileyo,consequential_2_A,UseVStative balulek_V,Pos
considerable,bonakalayo,considerable_1_A,UseV bonakal_V,Pos
consistent,hambelanayo,consistent_1_A,UseV hambelan_V,Pos
constant,ngaguquki,constant_1_A,UseV guquk_V,Neg
constituted,emukelwe,constituted_1_A,UseVStative mukelw_V,Pos
constricted,thintelwe,constricted_1_A,UseVStative thintelw_V,Pos
constructive,akhayo,constructive_1_A,UseV kh_V,Pos
continuous,qhubekayo,continuous_1_A,UseV qhubek_V,Pos
controlled,lawulwayo,controlled_1_A,UseV lawulw_V,Pos
controversial,phikisanayo,controversial_1_A,UseV phikisan_V,Pos
convenient,sizayo,convenient_1_A,UseV siz_V,Pos
conversant,aziyo,conversant_1_A,UseV az_V,Pos
corpulent,khuluphele,corpulent_1_A,UseVStative khuluphal_V,Pos
correct,fanele,correct_1_A,UseVStative fanel_V,Pos
corrected,lungisiwe,corrected_1_A,UseVStative lungisiw_V,Pos
corrective,oqeqesho,corrective_1_A,CopNPAssoc (DetCN (DetNum NumSg) (UseN qeqesho_1a_N)),Pos
corrigible,nokulungiswa,corrigible_1_A,CopNPAssoc (Deverb15 PPos (UseV lungisw_V)),Pos
cosmetic,hlobisayo,cosmetic_1_A,UseV hlobis_V,Pos
coveted,nqweneleka,coveted_1_A,UseV nqwenelek_V,Pos
covetous,hahelayo,covetous_1_A,UseV hahel_V,Pos
creased,shwabene,creased_1_A,UseVStative shwaban_V,Pos
cringing,thobekile,cringing_1_A,UseVStative thobek_V,Pos
cringing,zithoba,cringing_2_A,UseV thob_V,Pos
crisp,banda,crisp_1_A,UseV band_V,Pos
critical,gxekayo,critical_1_A,UseV gxek_V,Pos
critical,balulekile,critical_2_A,UseVStative balulek_V,Pos
crouched,chophayo,crouched_1_A,UseV choph_V,Pos
crowned,thweswe,crowned_1_A,UseVStative thwesw_V,Pos
crucial,miselwe,crucial_1_A,UseVStative miselw_V,Pos
cunning,thandekayo,cunning_1_A,UseV thandek_V,Pos
cursed,qalekiswa,cursed_1_A,UseV qalekisw_V,Pos
cushy,lula,cushy_1_A,UseV elul_V,Pos
cutting,hlabayo,cutting_1_A,UseV hlab_V,Pos
dainty,nambithekayo,dainty_1_A,UseV nambithek_V,Pos
damaged,onakaliswe,damaged_1_A,UseVStative nakalisw_V,Pos
dangerous,yingozi,dangerous_1_A,CopNP (DetCN (DetNum NumSg) (UseN ngozi_9_10_N)),Pos
dangerous,nobungozi,dangerous_2_A,CopNPAssoc (DetCN (DetNum NumSg) (UseN ngozi_14_N)),Pos
dangerous,hlungisa,dangerous_3_A,UseV hlungis_V,Pos
dangerous,nengozi,dangerous_4_A,CopNPAssoc (DetCN (DetNum NumSg) (UseN ngozi_9_10_N)),Pos
darkening,bi,darkening_1_A,CopAP (PositA bi_A),Pos
daytime,emini,daytime_1_A,CopNPAssoc (DetCN (DetNum NumSg) (UseN mini_9_10_N)),Pos
de_luxe,hle,de_luxe_1_A,CopAP (PositA hle_A),Pos
de_luxe,hle kanye,de_luxe_2_A,AdvVP (CopAP (PositA hle_A)) (PositAdvAdj nye_A),Pos
dead,swelekileyo,dead_1_A,UseVStative swelek_V,Pos
dead,bhubhileyo,dead_2_A,UseVStative bhubh_V,Pos
dead,fileyo,dead_3_A,UseVStative f_V,Pos
dead,mile,dead_4_A,UseVStative m_V,Pos
dead,file,dead_5_A,UseVStative f_V,Pos
deadly,bulalayo,deadly_1_A,UseV bulal_V,Pos
deaf,yisithuli,deaf_1_A,CopNP (DetCN (DetNum NumSg) (UseN thuli_7_8_N)),Pos
decadent,wile,decadent_1_A,UseVStative nw_V,Pos
decayed,bolile,decayed_1_A,UseVStative bol_V,Pos
deceitful,qhathayo,deceitful_1_A,UseV qhath_V,Pos
deceitful,khohlisayo,deceitful_2_A,UseV khohlis_V,Pos
deceitful,namaqhinga,deceitful_3_A,CopNPAssoc (DetCN (DetNum NumPl) (UseN qhinga_5_6_N)),Pos
decided,cacile,decided_1_A,UseVStative cac_V,Pos
decisive,nqumayo,decisive_1_A,UseV nqum_V,Pos
deep,gobayo,deep_1_A,UseV gob_V,Pos
deep,khulu,deep_2_A,CopAP (PositA khulu_A),Pos
deepening,vuthwa,deepening_1_A,UseV vuthw_V,Pos
deficient,ngenele,deficient_1_A,UseVStative ngenel_V,Pos
deficient,ntulayo,deficient_2_A,UseV ntul_V,Pos
definable,nokuchazwa,definable_1_A,CopNPAssoc (Deverb15 PPos (UseV chazw_V)),Pos
defined,cacile,defined_1_A,UseVStative cac_V,Pos
definite,qinisekile,definite_1_A,UseVStative qinisek_V,Pos
deliberate,enziwe ngenjongo,deliberate_1_A,AdvVP (UseVStative enziw_V) (InstrNPAdv (DetCN (DetNum NumSg) (UseN jongo_9_10_N))),Pos
delinquent,onayo,delinquent_1_A,UseV non_V,Pos
denotative,cacileyo,denotative_1_A,UseVStative cac_V,Pos
dependable,thembekayo,dependable_1_A,UseV thembek_V,Pos
depressing,lusizi,depressing_1_A,CopAP (PositA lusizi_R),Pos
descriptive,cacisayo,descriptive_1_A,UseV cacis_V,Pos
desert,bi,desert_1_A,CopAP (PositA bi_A),Pos
deserved,fanelekile,deserved_1_A,UseVStative fanelek_V,Pos
desirable,fanelekileyo,desirable_1_A,UseVStative fanelek_V,Pos
desirable,fiswayo,desirable_2_A,UseV fisw_V,Pos
desirous,nqwenela,desirous_1_A,UseV nqwenel_V,Pos
detectable,nokubonwa,detectable_1_A,CopNPAssoc (Deverb15 PPos (UseV bonw_V)),Pos
determinable,nokumiswa,determinable_1_A,CopNPAssoc (Deverb15 PPos (UseV misw_V)),Pos
determinate,misiwe,determinate_1_A,UseVStative misiw_V,Pos
developing,khulayo,developing_1_A,UseV khul_V,Pos
different,ngafani,different_1_A,UseV fan_V,Neg
differentiated,ahlulwe,differentiated_1_A,UseVStative hlulw_V,Pos
diffident,ngabazayo,diffident_1_A,UseV ngabaz_V,Pos
diffident,namahloni,diffident_2_A,CopNPAssoc (DetCN (DetNum NumPl) (UseN hloni_6_N)),Pos
diminished,phungulwe,diminished_1_A,UseVStative phungulw_V,Pos
diminished,nciphile,diminished_2_A,UseVStative nciph_V,Pos
diplomatic,okuzakuza,diplomatic_1_A,UseV zakuz_V,Pos
diplomatic,zwelanayo,diplomatic_2_A,UseV zwelan_V,Pos
direct,qondile,direct_1_A,UseVStative qond_V,Pos
direct,lawulayo,direct_2_A,UseV lawul_V,Pos
direct,fanayo,direct_3_A,UseV fan_V,Pos
direct,omlibo,direct_4_A,CopNPAssoc (DetCN (DetNum NumSg) (UseN libo_3_4_N)),Pos
discernible,qondakalayo,discernible_1_A,UseV qondakal_V,Pos
discernible,nokubonwa,discernible_2_A,CopNPAssoc (Deverb15 PPos (UseV bonw_V)),Pos
discreet,ngagqamile,discreet_1_A,UseVStative gqam_V,Neg
discriminate,khethayo,discriminate_1_A,UseV kheth_V,Pos
disposable,nokulahlwa,disposable_1_A,CopNPAssoc (Deverb15 PPos (UseV lahlw_V)),Pos
disqualified,alelwe,disqualified_1_A,UseVStative alelw_V,Pos
distorted,jika,distorted_1_A,UseV jik_V,Pos
distressful,khathazayo,distressful_1_A,UseV khathaz_V,Pos
distributed,yabiwe,distributed_1_A,UseVStative abiw_V,Pos
diurnal,emini,diurnal_1_A,CopNPAssoc (DetCN (DetNum NumSg) (UseN mini_9_10_N)),Pos
divisible,ahlulekayo,divisible_1_A,UseV hlulek_V,Pos
doleful,lusizi,doleful_1_A,CopAP (PositA lusizi_R),Pos
domestic,sekhaya,domestic_1_A,CopLocative (LocAdvLoc (LocNPAdv (DetCN (DetNum NumSg) (UseN khaya_5_6_N)))),Pos
dominated,lawulwayo,dominated_1_A,UseV lawulw_V,Pos
domineering,phathayo,domineering_1_A,UseV phath_V,Pos
double,phindiwe,double_1_A,UseVStative phindiw_V,Pos
downright,phandle,downright_1_A,CopLocative (LocAdvLoc (LocNAdv phandle_LocN)),Pos
dragging,nyanzela,dragging_1_A,UseV nyanzel_V,Pos
dramatic,omdlalo,dramatic_1_A,CopNPAssoc (DetCN (DetNum NumSg) (UseN dlalo_3_4_N)),Pos
drawn out,lulekile,drawn_out_1_A,UseVStative lulek_V,Pos
dreamy,dangele,dreamy_1_A,UseVStative dangal_V,Pos
driving,qhubayo,driving_1_A,UseV qhub_V,Pos
droll,hlekisayo,droll_1_A,UseV hlekis_V,Pos
ductile,thambile,ductile_1_A,UseVStative thamb_V,Pos
due,kweletwayo,due_1_A,UseV kweletw_V,Pos
durable,omelele,durable_1_A,UseVStative melel_V,Pos
dynamic,namandla,dynamic_1_A,CopNPAssoc (DetCN (DetNum NumPl) (UseN ndla_6_N)),Pos
eager,zimisele,eager_1_A,UseVStative misel_V,Pos
earned,zuziwe,earned_1_A,UseVStative zuziw_V,Pos
easy,pholileyo,easy_1_A,UseVStative phol_V,Pos
easy,thambileyo,easy_2_A,UseVStative thamb_V,Pos
easy,lula,easy_3_A,UseV elul_V,Pos
echoic,hlokomayo,echoic_1_A,UseV hlokom_V,Pos
economic,ongayo,economic_1_A,UseV ong_V,Pos
edged,thabathekisa,edged_1_A,UseV thabathekis_V,Pos
edified,akhayo,edified_1_A,UseV kh_V,Pos
edifying,akhayo,edifying_1_A,UseV kh_V,Pos
educated,fundile,educated_1_A,UseVStative fund_V,Pos
effective,sebenzayo,effective_1_A,UseV sebenz_V,Pos
effectual,sebenzayo,effectual_1_A,UseV sebenz_V,Pos
efficacious,sebenzayo,efficacious_1_A,UseV sebenz_V,Pos
efficient,lingene,efficient_1_A,UseVStative lingan_V,Pos
effluent,phumayo,effluent_1_A,UseV phum_V,Pos
effusive,phuphumayo,effusive_1_A,UseV phuphum_V,Pos
elective,nokukhethwa,elective_1_A,CopNPAssoc (Deverb15 PPos (UseV khethw_V)),Pos
elegant,bukekayo,elegant_1_A,UseV bukek_V,Pos
elementary,lula,elementary_1_A,UseV elul_V,Pos
eligible,fanelekile,eligible_1_A,UseVStative fanelek_V,Pos
eligible,thintelwa,eligible_2_A,UseV thintelw_V,Pos
embedded,endelisa,embedded_1_A,UseV endelis_V,Pos
emotionless,nyabile,emotionless_1_A,UseVStative nyab_V,Pos
empty,neze,empty_1_A,CopNPAssoc (DetCN (DetNum NumSg) (UseN ze_5_6_N)),Pos
encouraging,khuthazayo,encouraging_1_A,UseV khuthaz_V,Pos
endowed,ba nesiphiwo,endowed_1_A,AdvVP (UseV b_V) (NaNPAdv (DetCN (DetNum NumSg) (UseN phiwo_7_8_N))),Pos
energetic,namandla,energetic_1_A,CopNPAssoc (DetCN (DetNum NumPl) (UseN ndla_6_N)),Pos
engaged,xakekile,engaged_1_A,UseVStative xakek_V,Pos
enjoyable,thandekayo,enjoyable_1_A,UseV thandek_V,Pos
enlarged,andisiwe,enlarged_1_A,UseVStative andisiw_V,Pos
enlightened,nolwazi,enlightened_1_A,CopNPAssoc (DetCN (DetNum NumSg) (UseN azi_11_10_N)),Pos
enlightened,fundileyo,enlightened_2_A,UseVStative fund_V,Pos
entering,ngenayo,entering_1_A,CopNPAssoc (UsePron they4_Pron),Neg
enterprising,nesibindi,enterprising_1_A,CopNPAssoc (DetCN (DetNum NumSg) (UseN bindi_7_8_N)),Pos
enthusiastic,nomdlandla,enthusiastic_1_A,CopNPAssoc (DetCN (DetNum NumSg) (UseN dlandla_3_4_N)),Pos
epicurean,nobumnandi,epicurean_1_A,CopNPAssoc (DetCN (DetNum NumSg) (UseN mnandi_14_N)),Pos
equal,linganayo,equal_1_A,UseV lingan_V,Pos
equitable,linganayo,equitable_1_A,UseV lingan_V,Pos
equivalent,lingene,equivalent_1_A,UseVStative lingan_V,Pos
equivalent,lingana,equivalent_2_A,UseV lingan_V,Pos
esurient,lambile kakhulu,esurient_1_A,AdvVP (UseVStative lamb_V) kakhulu_Adv,Pos
esurient,lambisayo,esurient_2_A,UseV lambis_V,Pos
esurient,lambile,esurient_3_A,UseVStative lamb_V,Pos
euphoric,onwabile,euphoric_1_A,UseVStative onwab_V,Pos
evasive,phepha,evasive_1_A,UseV pheph_V,Pos
even,linganayo,even_1_A,UseV lingan_V,Pos
even,lingana,even_2_A,UseV lingan_V,Pos
excited,xhaphazelayo,excited_1_A,UseV xhaphazel_V,Pos
exclusive,khethayo,exclusive_1_A,UseV kheth_V,Pos
exoteric,fanele,exoteric_1_A,UseVStative fanel_V,Pos
expected,lindelekile,expected_1_A,UseVStative lindelek_V,Pos
expended,chithile,expended_1_A,UseVStative chith_V,Pos
expended,gqibile,expended_2_A,UseVStative gqib_V,Pos
expensive,bizayo,expensive_1_A,UseV biz_V,Pos
expensive,dulayo,expensive_2_A,UseV dul_V,Pos
experienced,nolwazi,experienced_1_A,CopNPAssoc (DetCN (DetNum NumSg) (UseN azi_11_10_N)),Pos
experienced,nesipiliyoni,experienced_2_A,CopNPAssoc (DetCN (DetNum NumSg) (UseN piliyoni_7_8_N)),Pos
explanatory,chazayo,explanatory_1_A,UseV chaz_V,Pos
explorative,hlolayo,explorative_1_A,UseV hlol_V,Pos
express,sheshayo,express_1_A,UseV shesh_V,Pos
external,ngaphandle,external_1_A,CopLocative (LocAdvLoc (LocNNgaAdv phandle_LocN)),Pos
extraneous,ngenamsebenzi,extraneous_1_A,CopNPAssoc (DetCN (DetNum NumSg) (UseN sebenzi_3_4_N)),Neg
extraordinary,velele,extraordinary_1_A,UseVStative velel_V,Pos
extrinsic,ngaphandle,extrinsic_1_A,CopLocative (LocAdvLoc (LocNNgaAdv phandle_LocN)),Pos
exultant,gcobisa,exultant_1_A,UseV gcobis_V,Pos
exultant,vuyisa,exultant_2_A,UseV vuyis_V,Pos
exultant,gcobile,exultant_3_A,UseVStative gcob_V,Pos
fabulous,mangalisa,fabulous_1_A,UseV mangalis_V,Pos
faineant,nqenayo,faineant_1_A,UseV nqen_V,Pos
faineant,yivila,faineant_2_A,CopNP (DetCN (DetNum NumSg) (UseN vila_5_6_N)),Pos
faithful,thembekile,faithful_1_A,UseVStative thembek_V,Pos
fallacious,phosiseka,fallacious_1_A,UseV phosisek_V,Pos
fallen,wile,fallen_1_A,UseVStative nw_V,Pos
fallible,nokuphosisa,fallible_1_A,CopNPAssoc (Deverb15 PPos (UseV phosis_V)),Pos
fallible,nesiphako,fallible_2_A,CopNPAssoc (DetCN (DetNum NumSg) (UseN phako_7_8_N)),Pos
false,ngamanga,false_1_A,CopNP (DetCN (DetNum NumPl) (UseN anga_6_N)),Pos
familial,ofuzo,familial_1_A,CopNPAssoc (DetCN (DetNum NumSg) (UseN fuzo_11_10_N)),Pos
familial,emfuzo,familial_2_A,CopNPAssoc (DetCN (DetNum NumSg) (UseN fuzo_9_10_N)),Pos
familiar,aziwayo,familiar_1_A,UseV ziw_V,Pos
familiar,jwayelekile,familiar_2_A,UseVStative jwayelek_V,Pos
farcical,hlekisayo,farcical_1_A,UseV hlekis_V,Pos
fashionable,nesitayela,fashionable_1_A,CopNPAssoc (DetCN (DetNum NumSg) (UseN tayela_7_8_N)),Pos
fast,phuthumayo,fast_1_A,UseV phuthum_V,Pos
fast,sheshayo,fast_2_A,UseV shesh_V,Pos
fast,khawulezayo,fast_3_A,UseV khawulez_V,Pos
fat,khuluphele,fat_1_A,UseVStative khuluphal_V,Pos
fatal,elishwa,fatal_1_A,UseV shw_V,Pos
fatal,bhubhisayo,fatal_2_A,UseV bhubhis_V,Pos
fiddling,ngenamsebenzi,fiddling_1_A,CopNPAssoc (DetCN (DetNum NumSg) (UseN sebenzi_3_4_N)),Neg
fiery,vuthayo,fiery_1_A,UseV vuth_V,Pos
fine,coliseka,fine_1_A,UseV colisek_V,Pos
fine,hle,fine_2_A,CopAP (PositA hle_A),Pos
finical,nakisisayo,finical_1_A,UseV nakisis_V,Pos
finished,qediwe,finished_1_A,UseVStative qediw_V,Pos
firm,qinile,firm_1_A,UseVStative nqin_V,Pos
fitting,linganayo,fitting_1_A,UseV lingan_V,Pos
flat,yisicaba,flat_1_A,CopNP (DetCN (DetNum NumSg) (UseN caba_7_8_N)),Pos
flat,cambaleleyo,flat_2_A,UseVStative cambalal_V,Pos
fleeting,balekayo,fleeting_1_A,UseV balek_V,Pos
flexible,guqukayo,flexible_1_A,UseV guquk_V,Pos
forceful,namandla,forceful_1_A,CopNPAssoc (DetCN (DetNum NumPl) (UseN ndla_6_N)),Pos
forcible,namandla,forcible_1_A,CopNPAssoc (DetCN (DetNum NumPl) (UseN ndla_6_N)),Pos
forlorn,lusizi,forlorn_1_A,CopAP (PositA lusizi_R),Pos
formal,semthethweni,formal_1_A,CopLocative (LocAdvLoc (LocNPAdv (DetCN (DetNum NumSg) (UseN thetho_3_4_N)))),Pos
formidable,thabathekisayo,formidable_1_A,UseV thabathekis_V,Pos
formulated,caciswe,formulated_1_A,UseVStative cacisw_V,Pos
forward,phambili,forward_1_A,CopLocative (LocAdvLoc (LocNAdv phambili_LocN)),Pos
foster,ondliwa,foster_1_A,UseV ondliw_V,Pos
foster,ondiwa,foster_2_A,UseV ondiw_V,Pos
fragrant,namakha,fragrant_1_A,CopNPAssoc (DetCN (DetNum NumPl) (UseN kha_6_N)),Pos
free,khululekile,free_1_A,UseVStative khululek_V,Pos
frequent,vamile,frequent_1_A,UseVStative vam_V,Pos
fresh,gangile,fresh_1_A,UseVStative gang_V,Pos
friendly,nobungane,friendly_1_A,CopNPAssoc (DetCN (DetNum NumSg) (UseN ngane_14_N)),Pos
friendly,nobubele,friendly_2_A,CopNPAssoc (DetCN (DetNum NumSg) (UseN bele_14_N)),Pos
frigid,ngenabuhlobo,frigid_1_A,CopNPAssoc (DetCN (DetNum NumSg) (UseN hlobo_14_N)),Neg
frigid,ngenabubele,frigid_2_A,CopNPAssoc (DetCN (DetNum NumSg) (UseN bele_14_N)),Neg
frigid,banda,frigid_3_A,UseV band_V,Pos
frosty,tshazile,frosty_1_A,UseVStative tshaz_V,Pos
frosty,tshaza,frosty_2_A,UseV tshaz_V,Pos
frozen,yiqhwa,frozen_1_A,CopNP (DetCN (DetNum NumSg) (UseN qhwa_5_N)),Pos
full,gcwele,full_1_A,UseVStative gcwal_V,Pos
funereal,omngcwabo,funereal_1_A,CopNPAssoc (DetCN (DetNum NumSg) (UseN ngcwabo_3_4_N)),Pos
future,landelayo,future_1_A,UseV landel_V,Pos
gallant,nobunene,gallant_1_A,CopNPAssoc (DetCN (DetNum NumSg) (UseN nene_14_N)),Pos
generalised,sasazeka,generalised_1_A,UseV sasazek_V,Pos
generative,khiqizayo,generative_1_A,UseV khiqiz_V,Pos
gentle,zolile,gentle_1_A,UseVStative zol_V,Pos
gifted,nesipho,gifted_1_A,CopNPAssoc (DetCN (DetNum NumSg) (UseN pho_7_8_N)),Pos
gifted,nethalente,gifted_2_A,CopNPAssoc (DetCN (DetNum NumSg) (UseN thalente_5_6_N)),Pos
gluey,namathelayo,gluey_1_A,UseV namathel_V,Pos
good,thandwayo,good_1_A,UseV thandw_V,Pos
good,nobulungiswa,good_2_A,CopNPAssoc (DetCN (DetNum NumSg) (UseN lungiswa_14_N)),Pos
governing,lawulayo,governing_1_A,UseV lawul_V,Pos
grandiose,thabathekisayo,grandiose_1_A,UseV thabathekis_V,Pos
graphic,cacile,graphic_1_A,UseVStative cac_V,Pos
grateful,nokubonga,grateful_1_A,CopNPAssoc (Deverb15 PPos (UseV bong_V)),Pos
grave,hlungisayo,grave_1_A,UseV hlungis_V,Pos
great,gqamile,great_1_A,UseVStative gqam_V,Pos
great,khulu,great_2_A,CopAP (PositA khulu_A),Pos
greater,khulu,greater_1_A,CopAP (PositA khulu_A),Pos
gregarious,ngamaqulo,gregarious_1_A,CopNP (DetCN (DetNum NumPl) (UseN qulo_5_6_N)),Pos
gregarious,ngamaqembu,gregarious_2_A,CopNP (DetCN (DetNum NumPl) (UseN qembu_5_6_N)),Pos
grievous,hlungisayo,grievous_1_A,UseV hlungis_V,Pos
grotesque,hlekisayo,grotesque_1_A,UseV hlekis_V,Pos
gushing,mpompozayo,gushing_1_A,UseV mpompoz_V,Pos
hand crafted,enziwe ngesandla,hand_crafted_1_A,AdvVP (UseVStative enziw_V) (InstrNPAdv (DetCN (DetNum NumSg) (UseN andla_7_8_N))),Pos
handy,sizayo,handy_1_A,UseV siz_V,Pos
happy,vuya,happy_1_A,UseV vuy_V,Pos
hard,namandla,hard_1_A,CopNPAssoc (DetCN (DetNum NumPl) (UseN ndla_6_N)),Pos
hard,qinile,hard_2_A,UseVStative nqin_V,Pos
harmful,nengozi,harmful_1_A,CopNPAssoc (DetCN (DetNum NumSg) (UseN ngozi_9_10_N)),Pos
harsh,nendluzula,harsh_1_A,CopNPAssoc (DetCN (DetNum NumSg) (UseN dluzula_9_10_N)),Pos
harsh,nokhahlo,harsh_2_A,CopNPAssoc (DetCN (DetNum NumSg) (UseN khahlo_11_10_N)),Pos
heated,fudumele,heated_1_A,UseVStative fudumal_V,Pos
heavy,khulu,heavy_1_A,CopAP (PositA khulu_A),Pos
heightening,vuthwa,heightening_1_A,UseV vuthw_V,Pos
heritable,elifa,heritable_1_A,UseV f_V,Pos
high,vuyile,high_1_A,UseVStative vuy_V,Pos
high,nobukhali,high_2_A,CopNPAssoc (DetCN (DetNum NumSg) (UseN khali_14_N)),Pos
high,hlabayo,high_3_A,UseV hlab_V,Pos
high energy,ombane onamandla,high_energy_1_A,CopNPAssoc (RelNP (DetCN (DetNum NumSg) (UseN bane_N)) (UseRCl TPresTemp PPos (RelVP IdRP (CopNPAssoc (DetCN (DetNum NumPl) (UseN ndla_6_N)))))),Pos
highbrow,phakamile,highbrow_1_A,UseVStative phakam_V,Pos
higher,phakamile,higher_1_A,UseVStative phakam_V,Pos
historic,balulekile embalini,historic_1_A,AdvVP (UseVStative balulek_V) (LocAdvAdv (LocNPAdv (DetCN (DetNum NumSg) (UseN mbali_9_10_N)))),Pos
histrionic,okudlala,histrionic_1_A,UseV dlal_V,Pos
home,ekhaya,home_1_A,CopNPAssoc (DetCN (DetNum NumSg) (UseN khaya_5_6_N)),Pos
homemade,enziwe ekhaya,homemade_1_A,AdvVP (UseVStative enziw_V) (LocAdvAdv (LocNPAdv (DetCN (DetNum NumSg) (UseN khaya_5_6_N)))),Pos
homespun,elukwe ekhaya,homespun_1_A,AdvVP (UseVStative lukw_V) (LocAdvAdv (LocNPAdv (DetCN (DetNum NumSg) (UseN khaya_5_6_N)))),Pos
honest,thembekile,honest_1_A,UseVStative thembek_V,Pos
hopeful,thembisayo,hopeful_1_A,UseV thembis_V,Pos
hopeless,ngathembisi,hopeless_1_A,UseV thembis_V,Neg
hostile,nempi,hostile_1_A,CopNPAssoc (DetCN (DetNum NumSg) (UseN mpi_9_10_N)),Pos
hot,nqwenelayo,hot_1_A,UseV nqwenel_V,Pos
hot,tshisa,hot_2_A,UseV etshis_V,Pos
human,nobuntu,human_1_A,CopNPAssoc (DetCN (DetNum NumSg) (UseN ntu_14_N)),Pos
hungry,lambile,hungry_1_A,UseVStative lamb_V,Pos
hurtful,hlungisayo,hurtful_1_A,UseV hlungis_V,Pos
hypercritical,nyembayo,hypercritical_1_A,UseV nyemb_V,Pos
hypercritical,nochuku,hypercritical_2_A,CopNPAssoc (DetCN (DetNum NumSg) (UseN chuku_11_N)),Pos
ignorant,ngazi nto,ignorant_1_A,ComplV2Nonspec az_V2 (DetCN (DetNum NumSg) (UseN tho_9_10_N)),Neg
ignorant,ngazi,ignorant_2_A,UseV az_V,Neg
ignorant,ngaziyo,ignorant_3_A,UseV az_V,Pos
illative,nokuthelekelelwa,illative_1_A,CopNPAssoc (Deverb15 PPos (UseV thelekelelw_V)),Pos
imaginative,nokuyila,imaginative_1_A,CopNPAssoc (Deverb15 PPos (UseV yil_V)),Pos
imaginative,nokuyila engqondweni,imaginative_2_A,AdvVP (CopNPAssoc (Deverb15 PPos (UseV yil_V))) (LocAdvAdv (LocNPAdv (DetCN (DetNum NumSg) (UseN gqondo_9)))),Pos
imitative,linganisayo,imitative_1_A,UseV linganis_V,Pos
immaterial,ngenamsebenzi,immaterial_1_A,CopNPAssoc (DetCN (DetNum NumSg) (UseN sebenzi_3_4_N)),Neg
impellent,khuthazayo,impellent_1_A,UseV khuthaz_V,Pos
imperative,funeka,imperative_1_A,UseV funek_V,Pos
implicit,ngaphakathi,implicit_1_A,UseV phakath_V,Neg
imposed,nesithinzi,imposed_1_A,CopNPAssoc (DetCN (DetNum NumSg) (UseN thinzi_7_8_N)),Pos
impressive,nesithunzi,impressive_1_A,CopNPAssoc (DetCN (DetNum NumSg) (UseN thunzi_7_8_N)),Pos
impressive,thabathekisayo,impressive_2_A,UseV thabathekis_V,Pos
improbable,mangalisayo,improbable_1_A,UseV mangalis_V,Pos
improved,lungiselwe,improved_1_A,UseVStative lungiselw_V,Pos
in_essence,balulekile,in_essence_1_A,UseVStative balulek_V,Pos
inactive,nganyakazi,inactive_1_A,UseV nyakaz_V,Neg
inadequate,ngenele,inadequate_1_A,UseVStative ngenel_V,Pos
inappropriate,ngafanele,inappropriate_1_A,UseVStative fanel_V,Neg
inaugural,sungulwe,inaugural_1_A,UseVStative sungulw_V,Pos
incapable,ngenakhono,incapable_1_A,CopNPAssoc (DetCN (DetNum NumSg) (UseN khono_5_6_N)),Neg
inchoate,qalayo,inchoate_1_A,UseV nqal_V,Pos
incidental,ngenamsebenzi,incidental_1_A,CopNPAssoc (DetCN (DetNum NumSg) (UseN sebenzi_3_4_N)),Neg
inclined,thambekile,inclined_1_A,UseVStative thambek_V,Pos
inclined,thambeka,inclined_2_A,UseV thambek_V,Pos
incongruous,ngahambelani,incongruous_1_A,UseV hambelan_V,Neg
inconsequent,ngenamsebenzi,inconsequent_1_A,CopNPAssoc (DetCN (DetNum NumSg) (UseN sebenzi_3_4_N)),Neg
incontestable,ngenakuphikiswa,incontestable_1_A,CopNPAssoc (Deverb15 PPos (UseV phikisw_V)),Neg
incontrovertible,ngenakuphikiswa,incontrovertible_1_A,CopNPAssoc (Deverb15 PPos (UseV phikisw_V)),Neg
incorrect,ngafanele,incorrect_1_A,UseVStative fanel_V,Neg
incorrigible,ngenakululekwa,incorrigible_1_A,CopNPAssoc (Deverb15 PPos (UseV lulekw_V)),Neg
increased,andisiwe,increased_1_A,UseVStative andisiw_V,Pos
incredible,ngakholeki,incredible_1_A,UseV kholek_V,Neg
indecisive,thandabuzayo,indecisive_1_A,UseV thandabuz_V,Pos
indefatigable,khuthele,indefatigable_1_A,UseVStative khuthal_V,Pos
indefeasible,nokuphikiswa,indefeasible_1_A,CopNPAssoc (Deverb15 PPos (UseV phikisw_V)),Pos
indefinite,cacile,indefinite_1_A,UseVStative cac_V,Pos
independent,zimeleyo,independent_1_A,UseVStative mel_V,Pos
indeterminate,ngamiswanga,indeterminate_1_A,UseVStative misw_V,Neg
indirect,ngaqondile,indirect_1_A,UseVStative qond_V,Neg
industrial,khutheleyo,industrial_1_A,UseVStative khuthal_V,Pos
inferential,nokuthelekelelwa,inferential_1_A,CopNPAssoc (Deverb15 PPos (UseV thelekelelw_V)),Pos
infinite,ngenamkhawulo,infinite_1_A,CopNPAssoc (DetCN (DetNum NumSg) (UseN khawulo_3_4_N)),Neg
inflected,guqulwe,inflected_1_A,UseVStative guqulw_V,Pos
influential,nethonya,influential_1_A,CopNPAssoc (DetCN (DetNum NumSg) (UseN thonya_5_N)),Pos
informal,ngenamithetho,informal_1_A,CopNPAssoc (DetCN (DetNum NumPl) (UseN thetho_3_4_N)),Neg
informed,fundile,informed_1_A,UseVStative fund_V,Pos
inhuman,ngenabuntu,inhuman_1_A,CopNPAssoc (DetCN (DetNum NumSg) (UseN ntu_14_N)),Neg
inimical,ngenabuhlobo,inimical_1_A,CopNPAssoc (DetCN (DetNum NumSg) (UseN hlobo_14_N)),Neg
inimical,ngenabubele,inimical_2_A,CopNPAssoc (DetCN (DetNum NumSg) (UseN bele_14_N)),Neg
inner,ngaphakathi,inner_1_A,UseV phakath_V,Neg
institutional,eziko,institutional_1_A,CopNPAssoc (DetCN (DetNum NumSg) (UseN ziko_5_6_N)),Pos
intact,ngonakaliswanga,intact_1_A,UseVStative onakalisw_V,Neg
integrated,hlanganisiwe,integrated_1_A,UseVStative hlanganisiw_V,Pos
interactive,sebenzisanayo,interactive_1_A,UseV sebenzisan_V,Pos
intermediate,phakathi,intermediate_1_A,CopLocative (LocAdvLoc (LocNAdv phakathi_LocN)),Pos
interpreted,thathwa,interpreted_1_A,UseV thathw_V,Pos
intramural,ngaphakathi,intramural_1_A,UseV phakath_V,Neg
invisible,ngabonakali,invisible_1_A,UseV bonakal_V,Neg
irrelevant,ngafanele,irrelevant_1_A,UseVStative fanel_V,Neg
jagged,qoqekile,jagged_1_A,UseVStative qoqek_V,Pos
joyless,lusizi,joyless_1_A,CopAP (PositA lusizi_R),Pos
junior,ncanyana,junior_1_A,UseV ncanyan_V,Pos
jural,omthetho,jural_1_A,CopNPAssoc (DetCN (DetNum NumSg) (UseN thetho_3_4_N)),Pos
kind,nomusa,kind_1_A,CopNPAssoc (DetCN (DetNum NumSg) (UseN sa_3_N)),Pos
known,aziwayo,known_1_A,UseV ziw_V,Pos
lamenting,lilayo,lamenting_1_A,UseV lil_V,Pos
land,semhlabeni,land_1_A,CopLocative (LocAdvLoc (LocNPAdv (DetCN (DetNum NumSg) (UseN hlaba_3_4_N)))),Pos
large scale,khulu,large_scale_1_A,CopAP (PositA khulu_A),Pos
lasting,beleselayo,lasting_1_A,UseV belesel_V,Pos
laudatory,ncomeka,laudatory_1_A,UseV ncomek_V,Pos
laudatory,ncomayo,laudatory_2_A,UseV ncom_V,Pos
law abiding,gcina umthetho,law_abiding_1_A,ComplV2 gcin_V2 (DetCN (DetNum NumSg) (UseN thetho_3_4_N)),Pos
law abiding,thobelayo,law_abiding_2_A,UseV thobel_V,Pos
lawful,esemthethweni,lawful_1_A,CopLocative (LocAdvLoc (LocNPAdv (DetCN (DetNum NumSg) (UseN thetho_3_4_N)))),Pos
lawful,semthethweni,lawful_2_A,CopLocative (LocAdvLoc (LocNPAdv (DetCN (DetNum NumSg) (UseN thetho_3_4_N)))),Pos
leaky,vuzayo,leaky_1_A,UseV vuz_V,Pos
lean,zacile,lean_1_A,UseVStative zac_V,Pos
learned,fundile,learned_1_A,UseVStative fund_V,Pos
legal,semthethweni,legal_1_A,CopLocative (LocAdvLoc (LocNPAdv (DetCN (DetNum NumSg) (UseN thetho_3_4_N)))),Pos
legendary,dumileyo,legendary_1_A,UseVStative dum_V,Pos
legitimate,semthethweni,legitimate_1_A,CopLocative (LocAdvLoc (LocNPAdv (DetCN (DetNum NumSg) (UseN thetho_3_4_N)))),Pos
life giving,vuselelayo,life_giving_1_A,UseV vuselel_V,Pos
life giving,hlaziyayo,life_giving_2_A,UseV hlaziy_V,Pos
life sustaining,balulekile,life_sustaining_1_A,UseVStative balulek_V,Pos
light,nombadlana,light_1_A,CopNPAssoc (DetCN (DetNum NumSg) (UseN badlana_3_4_N)),Pos
like,fana,like_1_A,UseV fan_V,Pos
likely,lindelekileyo,likely_1_A,UseVStative lindelek_V,Pos
lily white,abamhlophe,lily_white_1_A,CopAP (PositA mhlophe_R),Pos
limited,nomkhawulo,limited_1_A,CopNPAssoc (DetCN (DetNum NumSg) (UseN khawulo_3_4_N)),Pos
live,philayo,live_1_A,UseV phil_V,Pos
living,philayo,living_1_A,UseV phil_V,Pos
logical,nomqondo,logical_1_A,CopNPAssoc (DetCN (DetNum NumSg) (UseN qondo_3_4_N)),Pos
lonely,dwa,lonely_1_A,UseV endw_V,Pos
long,de,long_1_A,CopAP (PositA de_A),Pos
longer,dana,longer_1_A,UseV dan_V,Pos
longer,de kakhulu,longer_2_A,CopAP (AdAP very_AdA (PositA de_A)),Pos
longitudinal,hamba ngobude,longitudinal_1_A,AdvVP (UseV hamb_V) (InstrNPAdv (DetCN (DetNum NumSg) (UseN de_14_N))),Pos
loose,xegayo,loose_1_A,UseV xeg_V,Pos
lost,lahlekile,lost_1_A,UseVStative lahlek_V,Pos
loud,nomsindo,loud_1_A,CopNPAssoc (DetCN (DetNum NumSg) (UseN sindo_3_4_N)),Pos
loyal,thembekile,loyal_1_A,UseVStative thembek_V,Pos
lucky,nenhlanhla,lucky_1_A,CopNPAssoc (DetCN (DetNum NumSg) (UseN nhlanhla_9_10_N)),Pos
maimed,enzakele,maimed_1_A,UseVStative enzakal_V,Pos
major,khulile,major_1_A,UseVStative khul_V,Pos
major,khulu,major_2_A,CopAP (PositA khulu_A),Pos
manual,nziwa ngezandla,manual_1_A,AdvVP (UseV enziw_V) (InstrNPAdv (DetCN (DetNum NumPl) (UseN andla_7_8_N))),Pos
marked,cacile,marked_1_A,UseVStative cac_V,Pos
married,shadile,married_1_A,UseVStative shad_V,Pos
married,ganile,married_2_A,UseVStative n_V,Neg
massive,khulu,massive_1_A,CopAP (PositA khulu_A),Pos
mature,vuthiwe,mature_1_A,UseVStative vuthiw_V,Pos
maxi,de,maxi_1_A,CopAP (PositA de_A),Pos
maximal,phelele,maximal_1_A,UseVStative phelel_V,Pos
meaningful,nomqondo,meaningful_1_A,CopNPAssoc (DetCN (DetNum NumSg) (UseN qondo_3_4_N)),Pos
medial,phakathi,medial_1_A,CopLocative (LocAdvLoc (LocNAdv phakathi_LocN)),Pos
memorable,khumbulekayo,memorable_1_A,UseV khumbulek_V,Pos
middle,phakathi,middle_1_A,CopLocative (LocAdvLoc (LocNAdv phakathi_LocN)),Pos
midi,phakathi,midi_1_A,CopLocative (LocAdvLoc (LocNAdv phakathi_LocN)),Pos
minded,ohlobo oluthile,minded_1_A,CopNPAssoc (RelNP (DetCN (DetNum NumSg) (UseN hlobo_11_10_N)) (UseRCl TPresTemp PPos (RelVPShort IdRP (UseVStative th_V)))),Pos
minimal,ncane,minimal_1_A,CopAP (PositA ncane_A),Pos
minor,ncane,minor_1_A,CopAP (PositA ncane_A),Pos
mobile,hambayo,mobile_1_A,UseV hamb_V,Pos
modest,zithiba,modest_1_A,UseV thib_V,Pos
mountain,nentaba,mountain_1_A,CopNPAssoc (DetCN (DetNum NumSg) (UseN ntaba_9_10_N)),Pos
mountainous,khulu,mountainous_1_A,CopAP (PositA khulu_A),Pos
moving,thintanayo,moving_1_A,UseV thintan_V,Pos
nice,hle,nice_1_A,CopAP (PositA hle_A),Pos
nightlong,obusuku bonke,nightlong_1_A,CopNPAssoc (PostdetCN (UseN suku_14_N) (QuantPostdet all_QuantStem) (DetNum NumSg)),Pos
noble,nesithunzi,noble_1_A,CopNPAssoc (DetCN (DetNum NumSg) (UseN thunzi_7_8_N)),Pos
noble,phakamileyo,noble_2_A,UseVStative phakam_V,Pos
noisy,nomsindo,noisy_1_A,CopNPAssoc (DetCN (DetNum NumSg) (UseN sindo_3_4_N)),Pos
nonalcoholic,ngenatshwala,nonalcoholic_1_A,CopNPAssoc (DetCN (DetNum NumSg) (UseN tshwala_6_N)),Neg
noticeable,bonakalayo,noticeable_1_A,UseV bonakal_V,Pos
obligatory,yimfanelo,obligatory_1_A,CopNP (DetCN (DetNum NumSg) (UseN fanelo_9_10_N)),Pos
obscene,ngcolile,obscene_1_A,UseVStative ngcol_V,Pos
obsolete,aluphele,obsolete_1_A,UseVStative luphal_V,Pos
obstinate,nenkani,obstinate_1_A,CopNPAssoc (DetCN (DetNum NumSg) (UseN nkani_9_10_N)),Pos
occluded,valelwa,occluded_1_A,UseV valelw_V,Pos
of_value,noncedo,of_value_1_A,CopNPAssoc (DetCN (DetNum NumSg) (UseN ncedo_11_N)),Pos
offensive,hlaselayo,offensive_1_A,UseV hlasel_V,Pos
offensive,bi,offensive_2_A,CopAP (PositA bi_A),Pos
one,nye,one_1_A,CopAP (PositA nye_A),Pos
open,phandle,open_1_A,CopLocative (LocAdvLoc (LocNAdv phandle_LocN)),Pos
open,vulekile,open_2_A,UseVStative vulek_V,Pos
operative,sebenzayo,operative_1_A,UseV sebenz_V,Pos
opposed,phikisanayo,opposed_1_A,UseV phikisan_V,Pos
optimistic,nethemba,optimistic_1_A,CopNPAssoc (DetCN (DetNum NumSg) (UseN themba_5_6_N)),Pos
optional,khethelayo,optional_1_A,UseV khethel_V,Pos
ordinary,vamile,ordinary_1_A,UseVStative vam_V,Pos
ordinary,jwayelekile,ordinary_2_A,UseVStative jwayelek_V,Pos
orient,phumayo,orient_1_A,UseV phum_V,Pos
other,okunye,other_1_A,CopAP (PositA nye_A),Pos
out,phumile,out_1_A,UseVStative phum_V,Pos
outsize,khulu,outsize_1_A,CopAP (PositA khulu_A),Pos
overheated,bilayo,overheated_1_A,UseV bil_V,Pos
overriding,ongameleyo,overriding_1_A,UseVStative ongamel_V,Pos
oversea,phesheya kolwandle,oversea_1_A,CopLocative (LocAdvLoc (LocAdvNP (LocNAdv phesheya_LocN) (DetCN (DetNum NumSg) (UseN lwandle_1a_2a_N)))),Pos
parallel,linganisele,parallel_1_A,UseVStative nisel_V,Neg
paralytic,khubazekile,paralytic_1_A,UseVStative khubazek_V,Pos
particular,khethekile,particular_1_A,UseVStative khethek_V,Pos
particular,thile,particular_2_A,UseVStative th_V,Pos
pass,phosayo,pass_1_A,UseV phos_V,Pos
passionate,nemizwa,passionate_1_A,CopNPAssoc (DetCN (DetNum NumPl) (UseN zwa_3_4_N)),Pos
past,andulelayo,past_1_A,UseV andulel_V,Pos
pathetic,osizi,pathetic_1_A,CopNPAssoc (DetCN (DetNum NumSg) (UseN sizi_11_N)),Pos
patient,nesineke,patient_1_A,CopNPAssoc (DetCN (DetNum NumSg) (UseN neke_7_N)),Pos
peaceful,noxolo,peaceful_1_A,CopNPAssoc (DetCN (DetNum NumSg) (UseN xolo_11_N)),Pos
pent up,khathazekile,pent_up_1_A,UseVStative khathazek_V,Pos
perennial,omnyaka wonke,perennial_1_A,CopNPAssoc (PostdetCN (UseN nyaka_3_4_N) (QuantPostdet all_QuantStem) (DetNum NumSg)),Pos
pestiferous,bulalayo,pestiferous_1_A,UseV bulal_V,Pos
piercing,hlabayo,piercing_1_A,UseV hlab_V,Pos
placid,zolile,placid_1_A,UseVStative zol_V,Pos
poor,bi,poor_1_A,CopAP (PositA bi_A),Pos
popular,thandwayo,popular_1_A,UseV thandw_V,Pos
portable,phathekayo,portable_1_A,UseV phathek_V,Pos
practical,sebenzisekayo,practical_1_A,UseV sebenzisek_V,Pos
precarious,nengozi,precarious_1_A,CopNPAssoc (DetCN (DetNum NumSg) (UseN ngozi_9_10_N)),Pos
precise,nembayo,precise_1_A,UseV nemb_V,Pos
pregnant,khulelwe,pregnant_1_A,UseVStative khulelw_V,Pos
preliminary,okuqala,preliminary_1_A,UseV qal_V,Pos
premature,phambi kwesikhathi,premature_1_A,CopLocative (LocAdvLoc (LocAdvNP (LocNAdv phambi_LocN) (DetCN (DetNum NumSg) (UseN khathi_7_8_N)))),Pos
prerequisite,funeka,prerequisite_1_A,UseV funek_V,Pos
primary,phambili,primary_1_A,CopLocative (LocAdvLoc (LocNAdv phambili_LocN)),Pos
primary,okuqala,primary_2_A,UseV qal_V,Pos
privileged,busisekile,privileged_1_A,UseVStative busisek_V,Pos
probable,fanele,probable_1_A,UseVStative fanel_V,Pos
projectile,nokujulwa,projectile_1_A,CopNPAssoc (Deverb15 PPos (UseV julw_V)),Pos
promotive,khuthazayo,promotive_1_A,UseV khuthaz_V,Pos
prone,thambekele,prone_1_A,UseVStative thambekel_V,Pos
prone,lele ngobuso,prone_2_A,AdvVP (UseVStative elel_V) (InstrNPAdv (DetCN (DetNum NumSg) (UseN buso_1a_2a_N))),Pos
proper,fanele,proper_1_A,UseVStative fanel_V,Pos
proportional,hambelana,proportional_1_A,UseV hambelan_V,Pos
protected,vikelwe,protected_1_A,UseVStative vikelw_V,Pos
puckered,shwabana,puckered_1_A,UseV shwaban_V,Pos
qualified,lungele,qualified_1_A,UseVStative lungel_V,Pos
quenched,nelisiwe,quenched_1_A,UseVStative nelisiw_V,Pos
random,ngahlelekile,random_1_A,UseVStative hlelek_V,Neg
rational,nomqondo,rational_1_A,CopNPAssoc (DetCN (DetNum NumSg) (UseN qondo_3_4_N)),Pos
raw,thunukile,raw_1_A,UseVStative thunuk_V,Pos
ready,lungele,ready_1_A,UseVStative lungel_V,Pos
reasonable,emukelekayo,reasonable_1_A,UseV mukelek_V,Pos
red hot,vuthayo,red_hot_1_A,UseV vuth_V,Pos
reformative,lungisayo,reformative_1_A,UseV lungis_V,Pos
registered,bhalisiwe,registered_1_A,UseVStative bhalisiw_V,Pos
regular,ngaqhinwanga,regular_1_A,UseVStative qhinw_V,Neg
related,hlobene,related_1_A,UseVStative hloban_V,Pos
relative,ngatheni,relative_1_A,UseV then_V,Neg
relevant,hambelana,relevant_1_A,UseV hambelan_V,Pos
religious,kholwayo,religious_1_A,UseV kholw_V,Pos
reluctant,thandabuzayo,reluctant_1_A,UseV thandabuz_V,Pos
representative,mele,representative_1_A,UseVStative mel_V,Pos
resolute,qinileyo,resolute_1_A,UseVStative nqin_V,Pos
respectable,hloniphekayo,respectable_1_A,UseV hloniphek_V,Pos
restricted,nemikhawulo,restricted_1_A,CopNPAssoc (DetCN (DetNum NumPl) (UseN khawulo_3_4_N)),Pos
resupine,lele ngomhlana,resupine_1_A,AdvVP (UseVStative lal_V) (InstrNPAdv (DetCN (DetNum NumSg) (UseN hlana_3_4_N))),Pos
returnable,nokubuyiswa,returnable_1_A,CopNPAssoc (Deverb15 PPos (UseV buyisw_V)),Pos
revolutionary,vukelayo,revolutionary_1_A,UseV vukel_V,Pos
rightful,enene,rightful_1_A,UseVStative nan_V,Pos
road,ngenandlela,road_1_A,CopNPAssoc (DetCN (DetNum NumSg) (UseN dlela_9_10_N)),Neg
rough,ngasikwanga,rough_1_A,UseVStative sikw_V,Neg
running,abalekayo,running_1_A,UseV balek_V,Pos
running,balekela,running_2_A,UseV balekel_V,Pos
running,balekayo,running_3_A,UseV balek_V,Pos
rush,khawulezayo,rush_1_A,UseV khawulez_V,Pos
sad,dangele,sad_1_A,UseVStative dangal_V,Pos
sad,lusizi,sad_2_A,CopAP (PositA lusizi_R),Pos
saddled,thwaliswa,saddled_1_A,UseV thwalisw_V,Pos
safe,phephile,safe_1_A,UseVStative pheph_V,Pos
satisfactory,nelisayo,satisfactory_1_A,UseV nelis_V,Pos
scintillating,qaqambile,scintillating_1_A,UseVStative qaqamb_V,Pos
sealed,valiwe,sealed_1_A,UseVStative valiw_V,Pos
secondary,ngabalulekile,secondary_1_A,UseVStative balulek_V,Neg
seeable,bonakalayo,seeable_1_A,UseV bonakal_V,Pos
segregated,ahlukanisa,segregated_1_A,UseV hlukanis_V,Pos
self propelled,ziqhubayo,self_propelled_1_A,UseV qhub_V,Pos
senior,mkhulu,senior_1_A,CopAP (PositA khulu_A),Pos
sensitive,nozwelo,sensitive_1_A,CopNPAssoc (DetCN (DetNum NumSg) (UseN zwelo_11_N)),Pos
sensual,nenkanuko,sensual_1_A,CopNPAssoc (DetCN (DetNum NumSg) (UseN khanuko_9_10_N)),Pos
separate,ahlukanisa,separate_1_A,UseV hlukanis_V,Pos
serious,ngadlali,serious_1_A,UseV dlal_V,Neg
severe,qinile,severe_1_A,UseVStative nqin_V,Pos
shallow,ngajulile,shallow_1_A,UseVStative jul_V,Neg
sharp,ngamandla,sharp_1_A,CopNP (DetCN (DetNum NumPl) (UseN andla_6_N)),Pos
sharpened,loliwe,sharpened_1_A,UseVStative loliw_V,Pos
shortened,ngenana,shortened_1_A,UseV enan_V,Pos
single,ngashadile,single_1_A,UseVStative shad_V,Neg
sinistral,ekhohlo,sinistral_1_A,CopNPAssoc (DetCN (DetNum NumSg) (UseN khohlo_5_6_N)),Pos
skilled,nekhono,skilled_1_A,CopNPAssoc (DetCN (DetNum NumSg) (UseN khono_5_6_N)),Pos
skin deep,ngenabunzulu,skin_deep_1_A,CopNPAssoc (DetCN (DetNum NumSg) (UseN nzulu_14_N)),Neg
slippery,shelela,slippery_1_A,UseV shelel_V,Pos
social,hlalisana,social_1_A,UseV hlalisan_V,Pos
soft,phansi,soft_1_A,CopLocative (LocAdvLoc (LocNAdv phansi_LocN)),Pos
soft,thambile,soft_2_A,UseVStative thamb_V,Pos
solicited,bongozayo,solicited_1_A,UseV bongoz_V,Pos
solid,qinile,solid_1_A,UseVStative nqin_V,Pos
solid,nemilinganiso emithathu,solid_2_A,CopNPAssoc (RelNP (DetCN (DetNum NumPl) (UseN linganiso_3_4_N)) (UseRCl TPresTemp PPos (RelVP IdRP (CopAP (PositA thathu_A))))),Pos
sorrowful,lusizi,sorrowful_1_A,CopAP (PositA lusizi_R),Pos
specified,chaziwe,specified_1_A,UseVStative chaziw_V,Pos
square,qondile,square_1_A,UseVStative qond_V,Pos
stable,zinzile,stable_1_A,UseVStative zinz_V,Pos
stable,ngaguquki,stable_2_A,UseV guquk_V,Neg
stand up,phakamayo,stand_up_1_A,UseV phakam_V,Pos
standing,xhasayo,standing_1_A,UseV xhas_V,Pos
standing,mile,standing_2_A,UseVStative m_V,Pos
static,mile,static_1_A,UseVStative m_V,Pos
steep,qansa,steep_1_A,UseV qans_V,Pos
sterile,ngayili engqondweni,sterile_1_A,AdvVP (UseV yil_V) (LocAdvAdv (LocNPAdv (DetCN (DetNum NumSg) (UseN gqondo_9)))),Neg
stifling,futhanisela,stifling_1_A,UseV futhanisel_V,Pos
strategic,balulekile,strategic_1_A,UseVStative balulek_V,Pos
stretched,nabile,stretched_1_A,UseVStative enab_V,Pos
stubborn,nenkani,stubborn_1_A,CopNPAssoc (DetCN (DetNum NumSg) (UseN nkani_9_10_N)),Pos
stung,qaqamba,stung_1_A,UseV qaqamb_V,Pos
sturdy,omelele,sturdy_1_A,UseVStative melel_V,Pos
submissive,thobekile,submissive_1_A,UseVStative thobek_V,Pos
subsequent,landelayo,subsequent_1_A,UseV landel_V,Pos
successful,phumelele,successful_1_A,UseVStative phumelel_V,Pos
suchlike,ohlobo olufanayo,suchlike_1_A,CopNPAssoc (RelNP (DetCN (DetNum NumSg) (UseN hlobo_11_10_N)) (UseRCl TPresTemp PPos (RelVP IdRP (UseV fan_V)))),Pos
sufficient,enele,sufficient_1_A,UseVStative nel_V,Pos
superior,ngaphezulu,superior_1_A,CopLocative (LocAdvLoc (LocNNgaAdv phezulu_LocN)),Pos
supposed,fanele,supposed_1_A,UseVStative fanel_V,Pos
supposed,qikelela,supposed_2_A,UseV qikelel_V,Pos
surprised,mangele,surprised_1_A,UseVStative mangal_V,Pos
sweeping,ngahlulwanga,sweeping_1_A,UseVStative hlulw_V,Neg
tendencious,nenjongo,tendencious_1_A,CopNPAssoc (DetCN (DetNum NumSg) (UseN jongo_9_10_N)),Pos
tender,nomusa,tender_1_A,CopNPAssoc (DetCN (DetNum NumSg) (UseN sa_3_N)),Pos
tender,nobumnene,tender_2_A,CopNPAssoc (DetCN (DetNum NumSg) (UseN mnene_14_N)),Pos
tender,nesisa,tender_3_A,CopNPAssoc (DetCN (DetNum NumSg) (UseN sa_7_N)),Pos
tense,cuthile,tense_1_A,UseVStative cuth_V,Pos
tense,qinile,tense_2_A,UseVStative nqin_V,Pos
thick,jiyile,thick_1_A,UseVStative jiy_V,Pos
third dimensional,nemilinganiso emithathu,third_dimensional_1_A,CopNPAssoc (RelNP (DetCN (DetNum NumPl) (UseN linganiso_3_4_N)) (UseRCl TPresTemp PPos (RelVP IdRP (CopAP (PositA thathu_A))))),Pos
thirsty,omile,thirsty_1_A,UseVStative om_V,Pos
thorny,nameva,thorny_1_A,CopNPAssoc (DetCN (DetNum NumPl) (UseN iva_5_6_N)),Pos
three legged,nemilenze emithathu,three_legged_1_A,CopNPAssoc (RelNP (DetCN (DetNum NumPl) (UseN lenze_3_4_N)) (UseRCl TPresTemp PPos (RelVP IdRP (CopAP (PositA thathu_A))))),Pos
thundering,mangalisa kakhulu,thundering_1_A,AdvVP (UseV mangalis_V) kakhulu_Adv,Pos
tight,qinile,tight_1_A,UseVStative nqin_V,Pos
tight,bophene,tight_2_A,UseVStative bophan_V,Pos
tight fitting,fanelekile,tight_fitting_1_A,UseVStative fanelek_V,Pos
time honored,bekiwe ngenxa yobudala bayo,time_honored_1_A,AdvVP (UseVStative bekiw_V) (InstrNPAdv (DetCN (DetNum NumSg) (PossNP (UseN nxa_9_10_N) (DetCN (DetNum NumSg) (PossNP (UseN dala_14_N) (UsePron they4_Pron)))))),Pos
tolerant,bekezelayo,tolerant_1_A,UseV bekezel_V,Pos
topical,phezulu,topical_1_A,CopLocative (LocAdvLoc (LocNAdv phezulu_LocN)),Pos
tough,qinile,tough_1_A,UseVStative nqin_V,Pos
toxic,nobungozi,toxic_1_A,CopNPAssoc (DetCN (DetNum NumSg) (UseN ngozi_14_N)),Pos
tragic,osizi,tragic_1_A,CopNPAssoc (DetCN (DetNum NumSg) (UseN sizi_11_N)),Pos
trampled,nyathelwe,trampled_1_A,UseVStative nyathelw_V,Pos
traveled,hambile,traveled_1_A,UseVStative hamb_V,Pos
trying,bulalayo,trying_1_A,UseV bulal_V,Pos
typical,hambelana,typical_1_A,UseV hambelan_V,Pos
unambiguous,cacile,unambiguous_1_A,UseVStative cac_V,Pos
unaware,ngazi,unaware_1_A,UseV az_V,Neg
uncontrollable,ngenakulawulwa,uncontrollable_1_A,CopNPAssoc (Deverb15 PPos (UseV lawulw_V)),Neg
undamaged,ngonakaliswanga,undamaged_1_A,UseVStative onakalisw_V,Neg
undefined,ngacacile,undefined_1_A,UseVStative cac_V,Neg
uneasy,ngakhululekile,uneasy_1_A,UseVStative khululek_V,Neg
unemployed,ngasebenzi,unemployed_1_A,UseV sebenz_V,Neg
unequal,ngalingani,unequal_1_A,UseV lingan_V,Neg
uneven,ngalingani,uneven_1_A,UseV lingan_V,Neg
unexpected,ngalindelekile,unexpected_1_A,UseVStative lindelek_V,Neg
unexpended,ngachithwanga,unexpended_1_A,UseVStative chithw_V,Neg
unflattering,ngancomi,unflattering_1_A,UseV ncom_V,Neg
unfortunate,neshwa,unfortunate_1_A,CopNPAssoc (DetCN (DetNum NumSg) (UseN shwa_5_6_N)),Pos
unheated,godola,unheated_1_A,UseV godol_V,Pos
uniform,fanayo,uniform_1_A,UseV fan_V,Pos
unimproved,ngalungiselwanga,unimproved_1_A,UseVStative lungiselw_V,Neg
uninflected,ngaguqulwanga,uninflected_1_A,UseVStative guqulw_V,Neg
unironed,shwabene,unironed_1_A,UseVStative shwaban_V,Pos
unknown,ngaziwayo,unknown_1_A,UseV aziw_V,Pos
unlikely,ngafanelekile,unlikely_1_A,UseVStative fanelek_V,Neg
unpleasant,bi,unpleasant_1_A,CopAP (PositA bi_A),Pos
unthreatening,ngenabuhlobo,unthreatening_1_A,CopNPAssoc (DetCN (DetNum NumSg) (UseN hlobo_14_N)),Neg
unthreatening,ngenabubele,unthreatening_2_A,CopNPAssoc (DetCN (DetNum NumSg) (UseN bele_14_N)),Neg
uplifted,phakamisiwe,uplifted_1_A,UseVStative phakamisiw_V,Pos
valid,fanele,valid_1_A,UseVStative fanel_V,Pos
valid,lungile,valid_2_A,UseVStative lung_V,Pos
valuable,balulekile,valuable_1_A,UseVStative balulek_V,Pos
verbal,ngamazwi,verbal_1_A,CopNP (DetCN (DetNum NumPl) (UseN zwi_5_6_N)),Pos
vigorous,namandla,vigorous_1_A,CopNPAssoc (DetCN (DetNum NumPl) (UseN ndla_6_N)),Pos
vigorous,nomdlandla,vigorous_2_A,CopNPAssoc (DetCN (DetNum NumSg) (UseN dlandla_3_4_N)),Pos
violent,nodlame,violent_1_A,CopNPAssoc (DetCN (DetNum NumSg) (UseN dlame_11_10_N)),Pos
washy,ngamanzi,washy_1_A,UseV manz_V,Neg
well balanced,lungelene,well_balanced_1_A,UseVStative lungelan_V,Pos
well read,fundile,well_read_1_A,UseVStative fund_V,Pos
whacking,khulu,whacking_1_A,CopAP (PositA khulu_A),Pos
white,nobisi,white_1_A,CopNPAssoc (DetCN (DetNum NumSg) (UseN bisi_11_N)),Pos
wintery,obusika,wintery_1_A,UseV sik_V,Pos
written,bhaliwe,written_1_A,UseVStative bhaliw_V,Pos
wrong,ngafanele,wrong_1_A,UseVStative fanel_V,Neg
wrongful,aphula,wrongful_1_A,UseV phul_V,Pos
